Open,High,Low,Close,Adj Close,Volume,Source,Date
189.4900054931641,189.9199981689453,188.27999877929688,189.4600067138672,189.2107391357422,45732600,AAPL,2023-09-01
188.27999877929688,189.97999572753903,187.6100006103516,189.6999969482422,189.45040893554688,45280000,AAPL,2023-09-05
188.3999938964844,188.8500061035156,181.47000122070312,182.9100036621093,182.6693420410156,81755800,AAPL,2023-09-06
175.17999267578125,178.2100067138672,173.5399932861328,177.55999755859375,177.32638549804688,112488800,AAPL,2023-09-07
178.35000610351562,180.2400054931641,177.7899932861328,178.17999267578125,177.945556640625,65551300,AAPL,2023-09-08
180.07000732421875,180.3000030517578,177.33999633789062,179.36000061035156,179.12400817871094,58953100,AAPL,2023-09-11
179.49000549316406,180.1300048828125,174.82000732421875,176.3000030517578,176.0680389404297,90370200,AAPL,2023-09-12
176.50999450683594,177.3000030517578,173.97999572753906,174.2100067138672,173.9807891845703,84267900,AAPL,2023-09-13
174.0,176.10000610351562,173.5800018310547,175.74000549316406,175.5087890625,60895800,AAPL,2023-09-14
176.47999572753906,176.5,173.82000732421875,175.00999450683594,174.77972412109375,109205100,AAPL,2023-09-15
176.47999572753906,179.3800048828125,176.1699981689453,177.97000122070312,177.73583984375,67257600,AAPL,2023-09-18
177.52000427246094,179.6300048828125,177.1300048828125,179.07000732421875,178.8343963623047,51826900,AAPL,2023-09-19
179.25999450683594,179.6999969482422,175.39999389648438,175.49000549316406,175.2591094970703,58436200,AAPL,2023-09-20
174.5500030517578,176.3000030517578,173.86000061035156,173.92999267578125,173.70115661621094,63047900,AAPL,2023-09-21
174.6699981689453,177.0800018310547,174.0500030517578,174.7899932861328,174.5600128173828,56725400,AAPL,2023-09-22
174.1999969482422,176.97000122070312,174.14999389648438,176.0800018310547,175.84832763671875,46172700,AAPL,2023-09-25
174.82000732421875,175.1999969482422,171.66000366210938,171.9600067138672,171.73374938964844,64588900,AAPL,2023-09-26
172.6199951171875,173.0399932861328,169.0500030517578,170.42999267578125,170.20574951171875,66921800,AAPL,2023-09-27
169.33999633789062,172.02999877929688,167.6199951171875,170.69000244140625,170.46542358398438,56294400,AAPL,2023-09-28
172.02000427246094,173.07000732421875,170.33999633789062,171.2100067138672,170.9847412109375,51814200,AAPL,2023-09-29
171.22000122070312,174.3000030517578,170.92999267578125,173.75,173.52139282226562,52164500,AAPL,2023-10-02
172.25999450683594,173.6300048828125,170.82000732421875,172.39999389648438,172.1731719970703,49594600,AAPL,2023-10-03
171.08999633789062,174.2100067138672,170.97000122070312,173.66000366210938,173.4315185546875,53020300,AAPL,2023-10-04
173.7899932861328,175.4499969482422,172.67999267578125,174.91000366210938,174.67987060546875,48527900,AAPL,2023-10-05
173.8000030517578,177.99000549316406,173.17999267578125,177.49000549316406,177.25648498535156,57224100,AAPL,2023-10-06
176.80999755859375,179.0500030517578,175.8000030517578,178.99000549316406,178.75450134277344,42390800,AAPL,2023-10-09
178.10000610351562,179.72000122070312,177.9499969482422,178.38999938964844,178.15528869628906,43698000,AAPL,2023-10-10
178.1999969482422,179.85000610351562,177.60000610351562,179.8000030517578,179.5634307861328,47551100,AAPL,2023-10-11
180.07000732421875,182.33999633789065,179.0399932861328,180.7100067138672,180.4722442626953,56743100,AAPL,2023-10-12
181.4199981689453,181.92999267578125,178.13999938964844,178.85000610351562,178.61468505859375,51427100,AAPL,2023-10-13
176.75,179.0800018310547,176.50999450683594,178.72000122070312,178.48486328125,52517000,AAPL,2023-10-16
176.64999389648438,178.4199981689453,174.8000030517578,177.14999389648438,176.9169158935547,57549400,AAPL,2023-10-17
175.5800018310547,177.5800018310547,175.11000061035156,175.83999633789062,175.608642578125,54764400,AAPL,2023-10-18
176.0399932861328,177.83999633789062,175.19000244140625,175.4600067138672,175.22915649414062,59302900,AAPL,2023-10-19
175.30999755859375,175.4199981689453,172.63999938964844,172.8800048828125,172.6525421142578,64189300,AAPL,2023-10-20
170.91000366210938,174.00999450683594,169.92999267578125,173.0,172.7723846435547,55980100,AAPL,2023-10-23
173.0500030517578,173.6699981689453,171.4499969482422,173.44000244140625,173.21180725097656,43816600,AAPL,2023-10-24
171.8800048828125,173.05999755859375,170.64999389648438,171.10000610351562,170.87489318847656,57157000,AAPL,2023-10-25
170.3699951171875,171.3800048828125,165.6699981689453,166.88999938964844,166.67042541503906,70625300,AAPL,2023-10-26
166.91000366210938,168.9600067138672,166.8300018310547,168.22000122070312,167.99867248535156,58499100,AAPL,2023-10-27
169.02000427246094,171.1699981689453,168.8699951171875,170.2899932861328,170.06593322753906,51131000,AAPL,2023-10-30
169.35000610351562,170.89999389648438,167.89999389648438,170.77000427246094,170.54531860351562,44846000,AAPL,2023-10-31
171.0,174.22999572753906,170.1199951171875,173.97000122070312,173.74110412597656,56934900,AAPL,2023-11-01
175.52000427246094,177.77999877929688,175.4600067138672,177.57000732421875,177.3363800048828,77334800,AAPL,2023-11-02
174.24000549316406,176.82000732421875,173.35000610351562,176.64999389648438,176.41757202148438,79763700,AAPL,2023-11-03
176.3800048828125,179.42999267578125,176.2100067138672,179.22999572753906,178.9941864013672,63841300,AAPL,2023-11-06
179.17999267578125,182.44000244140625,178.97000122070312,181.82000732421875,181.58078002929688,70530000,AAPL,2023-11-07
182.3500061035156,183.4499969482422,181.58999633789065,182.88999938964844,182.6493682861328,49340300,AAPL,2023-11-08
182.9600067138672,184.1199951171875,181.8099975585937,182.4100036621093,182.1699981689453,53763500,AAPL,2023-11-09
183.97000122070312,186.57000732421875,183.52999877929688,186.3999938964844,186.3999938964844,66133400,AAPL,2023-11-10
185.82000732421875,186.02999877929688,184.2100067138672,184.8000030517578,184.8000030517578,43627500,AAPL,2023-11-13
187.6999969482422,188.1100006103516,186.3000030517578,187.44000244140625,187.44000244140625,60108400,AAPL,2023-11-14
187.8500061035156,189.5,187.77999877929688,188.009994506836,188.009994506836,53790500,AAPL,2023-11-15
189.57000732421875,190.9600067138672,188.6499938964844,189.7100067138672,189.7100067138672,54412900,AAPL,2023-11-16
190.25,190.3800048828125,188.57000732421875,189.69000244140625,189.69000244140625,50922700,AAPL,2023-11-17
189.88999938964844,191.9100036621093,189.8800048828125,191.4499969482422,191.4499969482422,46505100,AAPL,2023-11-20
191.4100036621093,191.5200042724609,189.7400054931641,190.63999938964844,190.63999938964844,38134500,AAPL,2023-11-21
191.4900054931641,192.92999267578125,190.8300018310547,191.3099975585937,191.3099975585937,39617700,AAPL,2023-11-22
190.8699951171875,190.8999938964844,189.25,189.97000122070312,189.97000122070312,24048300,AAPL,2023-11-24
189.9199981689453,190.6699981689453,188.8999938964844,189.7899932861328,189.7899932861328,40552600,AAPL,2023-11-27
189.77999877929688,191.0800018310547,189.3999938964844,190.3999938964844,190.3999938964844,38415400,AAPL,2023-11-28
190.8999938964844,192.08999633789065,188.97000122070312,189.3699951171875,189.3699951171875,43014200,AAPL,2023-11-29
189.83999633789065,190.32000732421875,188.19000244140625,189.9499969482422,189.9499969482422,48794400,AAPL,2023-11-30
331.3099975585937,331.989990234375,326.7799987792969,328.6600036621094,327.9942932128906,14931200,MSFT,2023-09-01
329.0,334.8500061035156,328.6600036621094,333.54998779296875,332.8743591308594,18553900,MSFT,2023-09-05
333.3800048828125,334.4599914550781,330.17999267578125,332.8800048828125,332.20574951171875,17535800,MSFT,2023-09-06
331.2900085449219,333.0799865722656,329.0299987792969,329.9100036621094,329.24176025390625,18381000,MSFT,2023-09-07
330.0899963378906,336.1600036621094,329.4599914550781,334.2699890136719,333.5928955078125,19530100,MSFT,2023-09-08
337.239990234375,338.4200134277344,335.42999267578125,337.94000244140625,337.2554931640625,16583300,MSFT,2023-09-11
335.82000732421875,336.7900085449219,331.4800109863281,331.7699890136719,331.09796142578125,17565500,MSFT,2023-09-12
331.3099975585937,336.8500061035156,331.1700134277344,336.0599975585937,335.3793029785156,16544400,MSFT,2023-09-13
339.1499938964844,340.8599853515625,336.57000732421875,338.70001220703125,338.0139465332031,20267000,MSFT,2023-09-14
336.9200134277344,337.3999938964844,329.6499938964844,330.2200012207031,329.5511169433594,37666900,MSFT,2023-09-15
327.79998779296875,330.3999938964844,326.3599853515625,329.0599975585937,328.3934631347656,16834200,MSFT,2023-09-18
326.1700134277344,329.3900146484375,324.510009765625,328.6499938964844,327.9842834472656,16505900,MSFT,2023-09-19
329.510009765625,329.5899963378906,320.510009765625,320.7699890136719,320.1202697753906,21436500,MSFT,2023-09-20
319.260009765625,325.3500061035156,315.0,319.5299987792969,318.8827819824219,35529500,MSFT,2023-09-21
321.32000732421875,321.45001220703125,316.1499938964844,317.010009765625,316.3678894042969,21447900,MSFT,2023-09-22
316.5899963378906,317.6700134277344,315.0,317.5400085449219,316.8968200683594,17836000,MSFT,2023-09-25
315.1300048828125,315.8800048828125,310.0199890136719,312.1400146484375,311.5077514648437,26297600,MSFT,2023-09-26
312.29998779296875,314.29998779296875,309.69000244140625,312.7900085449219,312.15643310546875,19410100,MSFT,2023-09-27
310.989990234375,315.4800109863281,309.45001220703125,313.6400146484375,313.0047302246094,19683600,MSFT,2023-09-28
317.75,319.4700012207031,314.9800109863281,315.75,315.1104431152344,24140300,MSFT,2023-09-29
316.2799987792969,321.8900146484375,315.17999267578125,321.79998779296875,321.1481628417969,20570000,MSFT,2023-10-02
320.8299865722656,321.3900146484375,311.2099914550781,313.3900146484375,312.7552185058594,21033500,MSFT,2023-10-03
314.0299987792969,320.0400085449219,314.0,318.9599914550781,318.3139343261719,20720100,MSFT,2023-10-04
319.0899963378906,319.9800109863281,314.8999938964844,319.3599853515625,318.7131042480469,16965600,MSFT,2023-10-05
316.54998779296875,329.19000244140625,316.29998779296875,327.260009765625,326.5971374511719,25645500,MSFT,2023-10-06
324.75,330.29998779296875,323.17999267578125,329.82000732421875,329.1519470214844,19891200,MSFT,2023-10-09
330.9599914550781,331.1000061035156,327.6700134277344,328.3900146484375,327.724853515625,20557100,MSFT,2023-10-10
331.2099914550781,332.82000732421875,329.1400146484375,332.4200134277344,331.7466735839844,20063200,MSFT,2023-10-11
330.57000732421875,333.6300048828125,328.7200012207031,331.1600036621094,330.4892272949219,19313100,MSFT,2023-10-12
332.3800048828125,333.8299865722656,326.3599853515625,327.7300109863281,327.0661926269531,21072400,MSFT,2023-10-13
331.04998779296875,336.1400146484375,330.6000061035156,332.6400146484375,331.9662475585937,22158000,MSFT,2023-10-16
329.5899963378906,333.4599914550781,327.4100036621094,332.0599975585937,331.38739013671875,18338500,MSFT,2023-10-17
332.489990234375,335.5899963378906,328.29998779296875,330.1099853515625,329.4413452148437,23153600,MSFT,2023-10-18
332.1499938964844,336.8800048828125,330.9100036621094,331.32000732421875,330.6488952636719,25052100,MSFT,2023-10-19
331.7200012207031,331.9200134277344,325.45001220703125,326.6700134277344,326.0083312988281,25012600,MSFT,2023-10-20
325.4700012207031,332.7300109863281,324.3900146484375,329.32000732421875,328.6529541015625,24374700,MSFT,2023-10-23
331.29998779296875,331.8399963378906,327.6000061035156,330.5299987792969,329.8605041503906,31153600,MSFT,2023-10-24
345.0199890136719,346.20001220703125,337.6199951171875,340.6700134277344,339.97998046875,55053800,MSFT,2023-10-25
340.5400085449219,341.6300048828125,326.94000244140625,327.8900146484375,327.2258605957031,37828500,MSFT,2023-10-26
330.42999267578125,336.7200012207031,328.3999938964844,329.8099975585937,329.1419677734375,29856500,MSFT,2023-10-27
333.4100036621094,339.45001220703125,331.8299865722656,337.3099975585937,336.62677001953125,22828100,MSFT,2023-10-30
338.8500061035156,339.0,334.69000244140625,338.1099853515625,337.4251403808594,20265300,MSFT,2023-10-31
339.7900085449219,347.4200134277344,339.6499938964844,346.07000732421875,345.3690185546875,28158800,MSFT,2023-11-01
347.239990234375,348.8299865722656,344.7699890136719,348.32000732421875,347.6144714355469,24348100,MSFT,2023-11-02
349.6300048828125,354.3900146484375,347.3299865722656,352.79998779296875,352.0853881835937,23624000,MSFT,2023-11-03
353.45001220703125,357.5400085449219,353.3500061035156,356.5299987792969,355.8078308105469,23828300,MSFT,2023-11-06
359.3999938964844,362.4599914550781,357.6300048828125,360.5299987792969,359.7997436523437,25833900,MSFT,2023-11-07
361.6799926757813,363.8699951171875,360.5499877929688,363.2000122070313,362.4643249511719,26767800,MSFT,2023-11-08
362.2999877929688,364.7900085449219,360.3599853515625,360.6900024414063,359.9594116210937,24847300,MSFT,2023-11-09
361.489990234375,370.1000061035156,361.0700073242188,369.6700134277344,368.9212341308594,28042100,MSFT,2023-11-10
368.2200012207031,368.4700012207031,365.8999938964844,366.6799926757813,365.937255859375,19986500,MSFT,2023-11-13
371.010009765625,371.9500122070313,367.3500061035156,370.2699890136719,369.5199890136719,27683900,MSFT,2023-11-14
371.2799987792969,373.1300048828125,367.1099853515625,369.6700134277344,369.6700134277344,26860100,MSFT,2023-11-15
370.9599914550781,376.3500061035156,370.1799926757813,376.1700134277344,376.1700134277344,27182300,MSFT,2023-11-16
373.6099853515625,374.3699951171875,367.0,369.8500061035156,369.8500061035156,40157000,MSFT,2023-11-17
371.2200012207031,378.8699951171875,371.0,377.4400024414063,377.4400024414063,52465100,MSFT,2023-11-20
375.6700134277344,376.2200012207031,371.1199951171875,373.0700073242188,373.0700073242188,28423100,MSFT,2023-11-21
378.0,379.7900085449219,374.9700012207031,377.8500061035156,377.8500061035156,23345300,MSFT,2023-11-22
377.3299865722656,377.9700012207031,375.1400146484375,377.4299926757813,377.4299926757813,10176600,MSFT,2023-11-24
376.7799987792969,380.6400146484375,376.2000122070313,378.6099853515625,378.6099853515625,22179200,MSFT,2023-11-27
378.3500061035156,383.0,378.1600036621094,382.7000122070313,382.7000122070313,20453100,MSFT,2023-11-28
383.760009765625,384.2999877929688,377.4400024414063,378.8500061035156,378.8500061035156,28963400,MSFT,2023-11-29
378.489990234375,380.0899963378906,375.4700012207031,378.9100036621094,378.9100036621094,30554400,MSFT,2023-11-30
497.6199951171875,498.0,481.4200134277344,485.0899963378906,485.0074157714844,46319100,NVDA,2023-09-01
482.2300109863281,488.510009765625,478.6000061035156,485.4800109863281,485.3973693847656,38265300,NVDA,2023-09-05
484.4100036621094,485.489990234375,465.7999877929688,470.6099853515625,470.568603515625,46867000,NVDA,2023-09-06
455.25,463.4400024414063,451.5199890136719,462.4100036621094,462.3693542480469,43333000,NVDA,2023-09-07
459.4200134277344,466.05999755859375,452.7099914550781,455.7200012207031,455.679931640625,47306900,NVDA,2023-09-08
461.4800109863281,461.6300048828125,443.1199951171875,451.7799987792969,451.7402648925781,47396600,NVDA,2023-09-11
447.3800048828125,456.7300109863281,445.30999755859375,448.7000122070313,448.6605529785156,34925600,NVDA,2023-09-12
446.0,459.2999877929688,445.0299987792969,454.8500061035156,454.8100280761719,39835500,NVDA,2023-09-13
459.5,459.8699951171875,451.30999755859375,455.80999755859375,455.7699279785156,37009700,NVDA,2023-09-14
453.4100036621094,455.989990234375,438.0799865722656,439.0,438.9613952636719,50571300,NVDA,2023-09-15
427.4800109863281,442.4200134277344,420.0,439.6600036621094,439.621337890625,50027100,NVDA,2023-09-18
438.3299865722656,439.6600036621094,430.0199890136719,435.2000122070313,435.1617431640625,37306400,NVDA,2023-09-19
436.0,439.0299987792969,422.2300109863281,422.3900146484375,422.3528747558594,36710800,NVDA,2023-09-20
415.8299865722656,421.0,409.7999877929688,410.1700134277344,410.1339416503906,44893000,NVDA,2023-09-21
415.7200012207031,421.1499938964844,412.30999755859375,416.1000061035156,416.06341552734375,47923600,NVDA,2023-09-22
415.9100036621094,425.3599853515625,411.7699890136719,422.2200012207031,422.1828918457031,41909100,NVDA,2023-09-25
420.010009765625,428.2000122070313,416.5499877929688,419.1099853515625,419.0731506347656,40228200,NVDA,2023-09-26
423.2999877929688,428.7200012207031,416.2900085449219,424.6799926757813,424.6426696777344,44493500,NVDA,2023-09-27
424.6000061035156,434.4599914550781,421.1499938964844,430.8900146484375,430.8521423339844,42466300,NVDA,2023-09-28
438.2699890136719,441.4400024414063,433.0700073242188,434.989990234375,434.9517517089844,39722100,NVDA,2023-09-29
440.2999877929688,451.75,438.6099853515625,447.8200073242188,447.7806396484375,43329800,NVDA,2023-10-02
448.0799865722656,451.2999877929688,432.4599914550781,435.1700134277344,435.1317443847656,47085000,NVDA,2023-10-03
437.4200134277344,441.4299926757813,432.9200134277344,440.4100036621094,440.3712768554688,36182100,NVDA,2023-10-04
440.5,449.0,438.8800048828125,446.8800048828125,446.8407287597656,39348300,NVDA,2023-10-05
441.9299926757813,457.8900146484375,440.260009765625,457.6199951171875,457.5797729492188,43339700,NVDA,2023-10-06
448.4200134277344,456.0499877929688,443.6799926757813,452.7300109863281,452.6902160644531,40967500,NVDA,2023-10-09
453.1000061035156,462.5899963378906,450.8800048828125,457.9800109863281,457.9397583007813,36858200,NVDA,2023-10-10
461.9599914550781,468.5899963378906,460.5,468.05999755859375,468.0188598632813,37813700,NVDA,2023-10-11
467.7699890136719,476.0899963378906,463.2999877929688,469.4500122070313,469.4087524414063,48132500,NVDA,2023-10-12
469.6000061035156,471.1600036621094,452.7999877929688,454.6099853515625,454.5700073242188,47411500,NVDA,2023-10-13
450.6300048828125,462.25,449.1199951171875,460.9500122070313,460.9094848632813,37509900,NVDA,2023-10-16
440.0,447.5400085449219,424.7999877929688,439.3800048828125,439.3413696289063,81233300,NVDA,2023-10-17
425.9100036621094,432.1900024414063,418.25,421.9599914550781,421.9228820800781,62729400,NVDA,2023-10-18
428.1099853515625,432.9700012207031,418.8200073242188,421.010009765625,420.9729919433594,50123300,NVDA,2023-10-19
418.8999938964844,424.7000122070313,410.7799987792969,413.8699951171875,413.8336181640625,47638100,NVDA,2023-10-20
412.2900085449219,432.4800109863281,409.4500122070313,429.75,429.7122192382813,47853000,NVDA,2023-10-23
430.7699890136719,436.9700012207031,426.9100036621094,436.6300048828125,436.5916137695313,40146300,NVDA,2023-10-24
433.9800109863281,436.5,415.5499877929688,417.7900085449219,417.7532653808594,39837900,NVDA,2023-10-25
418.5299987792969,422.55999755859375,398.7999877929688,403.260009765625,403.22454833984375,54100100,NVDA,2023-10-26
411.2999877929688,412.05999755859375,400.1499938964844,405.0,404.9643859863281,41678400,NVDA,2023-10-27
410.8699951171875,417.6600036621094,404.80999755859375,411.6099853515625,411.5737915039063,38802800,NVDA,2023-10-30
404.5,408.7900085449219,392.2999877929688,407.7999877929688,407.7641296386719,51796900,NVDA,2023-10-31
408.8399963378906,423.80999755859375,408.6900024414063,423.25,423.2127990722656,43759300,NVDA,2023-11-01
433.2799987792969,438.8399963378906,428.9400024414063,435.05999755859375,435.0217590332031,40917200,NVDA,2023-11-02
440.2000122070313,453.0899963378906,437.2300109863281,450.0499877929688,450.0104064941406,42385500,NVDA,2023-11-03
452.8500061035156,459.3500061035156,448.989990234375,457.510009765625,457.46978759765625,40073300,NVDA,2023-11-06
457.1900024414063,462.1799926757813,451.5799865722656,459.5499877929688,459.5095825195313,34316500,NVDA,2023-11-07
461.0,468.6700134277344,459.6799926757813,465.739990234375,465.6990356445313,34671900,NVDA,2023-11-08
474.6700134277344,482.2999877929688,467.5,469.5,469.4587097167969,54049600,NVDA,2023-11-09
475.0,484.7200012207031,472.8299865722656,483.3500061035156,483.3075256347656,42124500,NVDA,2023-11-10
483.2000122070313,491.1600036621094,480.989990234375,486.2000122070313,486.1572570800781,38413600,NVDA,2023-11-13
496.7999877929688,498.3399963378906,490.3999938964844,496.55999755859375,496.5163269042969,41695400,NVDA,2023-11-14
499.3500061035156,499.6000061035156,482.0,488.8800048828125,488.8370361328125,47549700,NVDA,2023-11-15
486.7900085449219,495.25,483.2999877929688,494.7999877929688,494.7565002441406,33975600,NVDA,2023-11-16
495.239990234375,497.1700134277344,490.0700073242188,492.9800109863281,492.9366760253906,32520500,NVDA,2023-11-17
493.1199951171875,505.4800109863281,491.80999755859375,504.0899963378906,504.0456848144531,41412000,NVDA,2023-11-20
501.260009765625,505.1700134277344,492.2200012207031,499.4400024414063,499.3960876464844,56574700,NVDA,2023-11-21
498.5199890136719,503.3500061035156,476.8999938964844,487.1600036621094,487.1171875,89942000,NVDA,2023-11-22
484.7000122070313,489.2099914550781,477.4500122070313,477.760009765625,477.718017578125,29464500,NVDA,2023-11-24
478.0,485.2999877929688,476.5199890136719,482.4200134277344,482.3775939941406,39566200,NVDA,2023-11-27
482.3599853515625,483.2300109863281,474.7300109863281,478.2099914550781,478.1679382324219,40149100,NVDA,2023-11-28
483.7900085449219,487.6199951171875,478.6000061035156,481.3999938964844,481.357666015625,38200500,NVDA,2023-11-29
480.239990234375,481.1000061035156,464.2200012207031,467.7000122070313,467.6589050292969,52624700,NVDA,2023-11-30
335.19000244140625,338.5400085449219,333.70001220703125,336.3399963378906,334.9495544433594,18311900,MSFT,2023-08-01
333.6300048828125,333.6300048828125,326.3599853515625,327.5,326.1461181640625,27761300,MSFT,2023-08-02
326.0,329.8800048828125,325.95001220703125,326.6600036621094,325.3095703125,18253700,MSFT,2023-08-03
331.8800048828125,335.1400146484375,327.239990234375,327.7799987792969,326.4249572753906,23727700,MSFT,2023-08-04
328.3699951171875,331.1099853515625,327.5199890136719,330.1099853515625,328.74530029296875,17741500,MSFT,2023-08-07
326.9599914550781,328.75,323.0,326.04998779296875,324.7020874023437,22327600,MSFT,2023-08-08
326.4700012207031,327.1099853515625,321.04998779296875,322.2300109863281,320.8979187011719,22373300,MSFT,2023-08-09
326.0199890136719,328.260009765625,321.17999267578125,322.92999267578125,321.594970703125,20113700,MSFT,2023-08-10
320.260009765625,322.4100036621094,319.2099914550781,321.010009765625,319.6829528808594,24342600,MSFT,2023-08-11
321.3900146484375,324.0599975585937,320.0799865722656,324.0400085449219,322.700439453125,18836100,MSFT,2023-08-14
323.0,325.0899963378906,320.8999938964844,321.8599853515625,320.5293884277344,16966300,MSFT,2023-08-15
320.79998779296875,324.4200134277344,319.79998779296875,320.3999938964844,319.7510070800781,20698900,MSFT,2023-08-16
320.5400085449219,321.8699951171875,316.2099914550781,316.8800048828125,316.2381591796875,21257200,MSFT,2023-08-17
314.489990234375,318.3800048828125,311.54998779296875,316.4800109863281,315.8389587402344,24744800,MSFT,2023-08-18
317.92999267578125,322.7699890136719,317.0400085449219,321.8800048828125,321.22802734375,24040000,MSFT,2023-08-21
325.5,326.0799865722656,321.4599914550781,322.4599914550781,321.80682373046875,16102000,MSFT,2023-08-22
323.82000732421875,329.20001220703125,323.4599914550781,327.0,326.337646484375,21166400,MSFT,2023-08-23
332.8500061035156,332.9800109863281,319.9599914550781,319.9700012207031,319.3218994140625,23281400,MSFT,2023-08-24
321.4700012207031,325.3599853515625,318.79998779296875,322.9800109863281,322.3258056640625,21684100,MSFT,2023-08-25
325.6600036621094,326.1499938964844,321.7200012207031,323.70001220703125,323.0443420410156,14808500,MSFT,2023-08-28
321.8800048828125,328.9800109863281,321.8800048828125,328.4100036621094,327.7447814941406,19284600,MSFT,2023-08-29
328.6700134277344,329.8099975585937,326.45001220703125,328.7900085449219,328.1240234375,15222100,MSFT,2023-08-30
329.20001220703125,330.9100036621094,326.7799987792969,327.760009765625,327.0961303710937,26411000,MSFT,2023-08-31
331.3099975585937,331.989990234375,326.7799987792969,328.6600036621094,327.9942932128906,14931200,MSFT,2023-09-01
329.0,334.8500061035156,328.6600036621094,333.54998779296875,332.8743591308594,18553900,MSFT,2023-09-05
333.3800048828125,334.4599914550781,330.17999267578125,332.8800048828125,332.20574951171875,17535800,MSFT,2023-09-06
331.2900085449219,333.0799865722656,329.0299987792969,329.9100036621094,329.24176025390625,18381000,MSFT,2023-09-07
330.0899963378906,336.1600036621094,329.4599914550781,334.2699890136719,333.5928955078125,19530100,MSFT,2023-09-08
337.239990234375,338.4200134277344,335.42999267578125,337.94000244140625,337.2554931640625,16583300,MSFT,2023-09-11
335.82000732421875,336.7900085449219,331.4800109863281,331.7699890136719,331.09796142578125,17565500,MSFT,2023-09-12
331.3099975585937,336.8500061035156,331.1700134277344,336.0599975585937,335.3793029785156,16544400,MSFT,2023-09-13
339.1499938964844,340.8599853515625,336.57000732421875,338.70001220703125,338.0139465332031,20267000,MSFT,2023-09-14
336.9200134277344,337.3999938964844,329.6499938964844,330.2200012207031,329.5511169433594,37666900,MSFT,2023-09-15
327.79998779296875,330.3999938964844,326.3599853515625,329.0599975585937,328.3934631347656,16834200,MSFT,2023-09-18
326.1700134277344,329.3900146484375,324.510009765625,328.6499938964844,327.9842834472656,16505900,MSFT,2023-09-19
329.510009765625,329.5899963378906,320.510009765625,320.7699890136719,320.1202697753906,21436500,MSFT,2023-09-20
319.260009765625,325.3500061035156,315.0,319.5299987792969,318.8827819824219,35529500,MSFT,2023-09-21
321.32000732421875,321.45001220703125,316.1499938964844,317.010009765625,316.3678894042969,21447900,MSFT,2023-09-22
316.5899963378906,317.6700134277344,315.0,317.5400085449219,316.8968200683594,17836000,MSFT,2023-09-25
315.1300048828125,315.8800048828125,310.0199890136719,312.1400146484375,311.5077514648437,26297600,MSFT,2023-09-26
312.29998779296875,314.29998779296875,309.69000244140625,312.7900085449219,312.15643310546875,19410100,MSFT,2023-09-27
310.989990234375,315.4800109863281,309.45001220703125,313.6400146484375,313.0047302246094,19683600,MSFT,2023-09-28
317.75,319.4700012207031,314.9800109863281,315.75,315.1104431152344,24140300,MSFT,2023-09-29
316.2799987792969,321.8900146484375,315.17999267578125,321.79998779296875,321.1481628417969,20570000,MSFT,2023-10-02
320.8299865722656,321.3900146484375,311.2099914550781,313.3900146484375,312.7552185058594,21033500,MSFT,2023-10-03
314.0299987792969,320.0400085449219,314.0,318.9599914550781,318.3139343261719,20720100,MSFT,2023-10-04
319.0899963378906,319.9800109863281,314.8999938964844,319.3599853515625,318.7131042480469,16965600,MSFT,2023-10-05
316.54998779296875,329.19000244140625,316.29998779296875,327.260009765625,326.5971374511719,25645500,MSFT,2023-10-06
324.75,330.29998779296875,323.17999267578125,329.82000732421875,329.1519470214844,19891200,MSFT,2023-10-09
330.9599914550781,331.1000061035156,327.6700134277344,328.3900146484375,327.724853515625,20557100,MSFT,2023-10-10
331.2099914550781,332.82000732421875,329.1400146484375,332.4200134277344,331.7466735839844,20063200,MSFT,2023-10-11
330.57000732421875,333.6300048828125,328.7200012207031,331.1600036621094,330.4892272949219,19313100,MSFT,2023-10-12
332.3800048828125,333.8299865722656,326.3599853515625,327.7300109863281,327.0661926269531,21072400,MSFT,2023-10-13
331.04998779296875,336.1400146484375,330.6000061035156,332.6400146484375,331.9662475585937,22158000,MSFT,2023-10-16
329.5899963378906,333.4599914550781,327.4100036621094,332.0599975585937,331.38739013671875,18338500,MSFT,2023-10-17
332.489990234375,335.5899963378906,328.29998779296875,330.1099853515625,329.4413452148437,23153600,MSFT,2023-10-18
332.1499938964844,336.8800048828125,330.9100036621094,331.32000732421875,330.6488952636719,25052100,MSFT,2023-10-19
331.7200012207031,331.9200134277344,325.45001220703125,326.6700134277344,326.0083312988281,25012600,MSFT,2023-10-20
325.4700012207031,332.7300109863281,324.3900146484375,329.32000732421875,328.6529541015625,24374700,MSFT,2023-10-23
331.29998779296875,331.8399963378906,327.6000061035156,330.5299987792969,329.8605041503906,31153600,MSFT,2023-10-24
345.0199890136719,346.20001220703125,337.6199951171875,340.6700134277344,339.97998046875,55053800,MSFT,2023-10-25
340.5400085449219,341.6300048828125,326.94000244140625,327.8900146484375,327.2258605957031,37828500,MSFT,2023-10-26
330.42999267578125,336.7200012207031,328.3999938964844,329.8099975585937,329.1419677734375,29856500,MSFT,2023-10-27
333.4100036621094,339.45001220703125,331.8299865722656,337.3099975585937,336.62677001953125,22828100,MSFT,2023-10-30
338.8500061035156,339.0,334.69000244140625,338.1099853515625,337.4251403808594,20265300,MSFT,2023-10-31
339.7900085449219,347.4200134277344,339.6499938964844,346.07000732421875,345.3690185546875,28158800,MSFT,2023-11-01
347.239990234375,348.8299865722656,344.7699890136719,348.32000732421875,347.6144714355469,24348100,MSFT,2023-11-02
349.6300048828125,354.3900146484375,347.3299865722656,352.79998779296875,352.0853881835937,23624000,MSFT,2023-11-03
353.45001220703125,357.5400085449219,353.3500061035156,356.5299987792969,355.8078308105469,23828300,MSFT,2023-11-06
359.3999938964844,362.4599914550781,357.6300048828125,360.5299987792969,359.7997436523437,25833900,MSFT,2023-11-07
361.6799926757813,363.8699951171875,360.5499877929688,363.2000122070313,362.4643249511719,26767800,MSFT,2023-11-08
362.2999877929688,364.7900085449219,360.3599853515625,360.6900024414063,359.9594116210937,24847300,MSFT,2023-11-09
361.489990234375,370.1000061035156,361.0700073242188,369.6700134277344,368.9212341308594,28042100,MSFT,2023-11-10
368.2200012207031,368.4700012207031,365.8999938964844,366.6799926757813,365.937255859375,19986500,MSFT,2023-11-13
371.010009765625,371.9500122070313,367.3500061035156,370.2699890136719,369.5199890136719,27683900,MSFT,2023-11-14
371.2799987792969,373.1300048828125,367.1099853515625,369.6700134277344,369.6700134277344,26860100,MSFT,2023-11-15
370.9599914550781,376.3500061035156,370.1799926757813,376.1700134277344,376.1700134277344,27182300,MSFT,2023-11-16
373.6099853515625,374.3699951171875,367.0,369.8500061035156,369.8500061035156,40157000,MSFT,2023-11-17
371.2200012207031,378.8699951171875,371.0,377.4400024414063,377.4400024414063,52465100,MSFT,2023-11-20
375.6700134277344,376.2200012207031,371.1199951171875,373.0700073242188,373.0700073242188,28423100,MSFT,2023-11-21
378.0,379.7900085449219,374.9700012207031,377.8500061035156,377.8500061035156,23345300,MSFT,2023-11-22
377.3299865722656,377.9700012207031,375.1400146484375,377.4299926757813,377.4299926757813,10176600,MSFT,2023-11-24
376.7799987792969,380.6400146484375,376.2000122070313,378.6099853515625,378.6099853515625,22179200,MSFT,2023-11-27
378.3500061035156,383.0,378.1600036621094,382.7000122070313,382.7000122070313,20453100,MSFT,2023-11-28
383.760009765625,384.2999877929688,377.4400024414063,378.8500061035156,378.8500061035156,28963400,MSFT,2023-11-29
378.489990234375,380.0899963378906,375.4700012207031,378.9100036621094,378.9100036621094,30554400,MSFT,2023-11-30
41.0,41.20000076293945,40.43000030517578,40.43000030517578,40.43000030517578,205101,JSW.WA,2023-08-01
40.38999938964844,40.38999938964844,38.81999969482422,39.08000183105469,39.08000183105469,514516,JSW.WA,2023-08-02
39.08000183105469,39.27000045776367,38.040000915527344,38.52000045776367,38.52000045776367,431367,JSW.WA,2023-08-03
38.9900016784668,39.25,38.41999816894531,38.88999938964844,38.88999938964844,346941,JSW.WA,2023-08-04
39.2599983215332,39.45000076293945,38.400001525878906,38.58000183105469,38.58000183105469,213083,JSW.WA,2023-08-07
38.68999862670898,38.68999862670898,37.52000045776367,37.7400016784668,37.7400016784668,369363,JSW.WA,2023-08-08
37.869998931884766,38.79999923706055,37.869998931884766,38.650001525878906,38.650001525878906,236056,JSW.WA,2023-08-09
38.58000183105469,38.650001525878906,37.58000183105469,37.59999847412109,37.59999847412109,383520,JSW.WA,2023-08-10
37.52999877929688,37.52999877929688,36.43000030517578,36.79999923706055,36.79999923706055,699844,JSW.WA,2023-08-11
36.79999923706055,37.209999084472656,36.02000045776367,36.02000045776367,36.02000045776367,404943,JSW.WA,2023-08-14
36.0,36.09999847412109,34.5,34.59000015258789,34.59000015258789,836735,JSW.WA,2023-08-16
34.439998626708984,34.97999954223633,33.86000061035156,34.099998474121094,34.099998474121094,538053,JSW.WA,2023-08-17
34.029998779296875,34.72999954223633,33.630001068115234,34.70000076293945,34.70000076293945,501597,JSW.WA,2023-08-18
34.75,36.34000015258789,34.54999923706055,35.349998474121094,35.349998474121094,667811,JSW.WA,2023-08-21
35.54999923706055,36.09999847412109,35.0,35.0099983215332,35.0099983215332,329080,JSW.WA,2023-08-22
35.0099983215332,35.369998931884766,34.34000015258789,34.599998474121094,34.599998474121094,374868,JSW.WA,2023-08-23
34.90999984741211,34.91999816894531,34.2599983215332,34.290000915527344,34.290000915527344,177884,JSW.WA,2023-08-24
34.31999969482422,35.5,34.27000045776367,34.720001220703125,34.720001220703125,501048,JSW.WA,2023-08-25
35.5,38.09999847412109,35.06999969482422,38.09999847412109,38.09999847412109,850060,JSW.WA,2023-08-28
38.20000076293945,38.97999954223633,36.93999862670898,37.68999862670898,37.68999862670898,510504,JSW.WA,2023-08-29
37.90999984741211,38.0,37.31999969482422,37.369998931884766,37.369998931884766,178703,JSW.WA,2023-08-30
37.34999847412109,37.7400016784668,35.86000061035156,36.209999084472656,36.209999084472656,504417,JSW.WA,2023-08-31
36.2599983215332,37.380001068115234,36.2599983215332,37.02000045776367,37.02000045776367,476491,JSW.WA,2023-09-01
37.20000076293945,38.060001373291016,37.150001525878906,37.20000076293945,37.20000076293945,228714,JSW.WA,2023-09-04
37.0099983215332,37.310001373291016,36.34999847412109,36.47999954223633,36.47999954223633,221338,JSW.WA,2023-09-05
36.369998931884766,36.7599983215332,35.369998931884766,35.9900016784668,35.9900016784668,405476,JSW.WA,2023-09-06
36.290000915527344,36.41999816894531,34.65999984741211,35.68000030517578,35.68000030517578,610970,JSW.WA,2023-09-07
35.88999938964844,37.54999923706055,35.7599983215332,37.2599983215332,37.2599983215332,593513,JSW.WA,2023-09-08
37.97999954223633,38.20000076293945,37.4900016784668,37.9900016784668,37.9900016784668,414467,JSW.WA,2023-09-11
38.20000076293945,38.27999877929688,37.15999984741211,38.0099983215332,38.0099983215332,419404,JSW.WA,2023-09-12
38.220001220703125,39.560001373291016,37.40999984741211,39.29999923706055,39.29999923706055,1064203,JSW.WA,2023-09-13
39.70000076293945,42.63999938964844,39.27000045776367,42.119998931884766,42.119998931884766,1541301,JSW.WA,2023-09-14
41.86000061035156,43.54999923706055,41.650001525878906,43.25,43.25,1625766,JSW.WA,2023-09-15
43.25,44.040000915527344,41.66999816894531,43.34999847412109,43.34999847412109,941065,JSW.WA,2023-09-18
43.29999923706055,44.41999816894531,43.09999847412109,44.34000015258789,44.34000015258789,577540,JSW.WA,2023-09-19
44.310001373291016,45.70000076293945,44.02999877929688,45.630001068115234,45.630001068115234,987740,JSW.WA,2023-09-20
45.0099983215332,45.5099983215332,44.0,44.5,44.5,432302,JSW.WA,2023-09-21
44.5,45.29999923706055,43.869998931884766,44.810001373291016,44.810001373291016,652650,JSW.WA,2023-09-22
44.47999954223633,44.5099983215332,42.619998931884766,42.68000030517578,42.68000030517578,450186,JSW.WA,2023-09-25
41.90999984741211,42.93000030517578,40.79999923706055,42.70000076293945,42.70000076293945,690363,JSW.WA,2023-09-26
42.59999847412109,44.400001525878906,42.25,43.95000076293945,43.95000076293945,459634,JSW.WA,2023-09-27
43.7400016784668,45.34000015258789,43.7400016784668,44.38999938964844,44.38999938964844,446305,JSW.WA,2023-09-28
44.5099983215332,45.0,43.5,44.02000045776367,44.02000045776367,241808,JSW.WA,2023-09-29
44.0099983215332,44.54999923706055,42.7400016784668,42.83000183105469,42.83000183105469,260932,JSW.WA,2023-10-02
42.77999877929688,43.65999984741211,42.09000015258789,42.400001525878906,42.400001525878906,277793,JSW.WA,2023-10-03
42.38999938964844,44.02999877929688,41.880001068115234,43.84999847412109,43.84999847412109,444073,JSW.WA,2023-10-04
44.209999084472656,44.619998931884766,43.77999877929688,43.9900016784668,43.9900016784668,346805,JSW.WA,2023-10-05
44.0,44.09999847412109,40.27999877929688,40.58000183105469,40.58000183105469,826940,JSW.WA,2023-10-06
40.84000015258789,42.86000061035156,40.75,42.15999984741211,42.15999984741211,351287,JSW.WA,2023-10-09
42.84000015258789,44.59999847412109,42.27000045776367,43.95000076293945,43.95000076293945,593818,JSW.WA,2023-10-10
43.59999847412109,45.400001525878906,43.119998931884766,43.61000061035156,43.61000061035156,784926,JSW.WA,2023-10-11
43.720001220703125,44.58000183105469,43.09999847412109,43.70000076293945,43.70000076293945,402942,JSW.WA,2023-10-12
43.369998931884766,44.77999877929688,43.34000015258789,44.08000183105469,44.08000183105469,493833,JSW.WA,2023-10-13
45.5,46.380001068115234,43.83000183105469,44.650001525878906,44.650001525878906,1224850,JSW.WA,2023-10-16
44.650001525878906,46.0,43.83000183105469,44.20000076293945,44.20000076293945,772141,JSW.WA,2023-10-17
44.33000183105469,45.95000076293945,44.29999923706055,45.79999923706055,45.79999923706055,611489,JSW.WA,2023-10-18
45.59999847412109,46.04999923706055,44.79999923706055,45.0,45.0,470259,JSW.WA,2023-10-19
44.959999084472656,44.9900016784668,44.09999847412109,44.09999847412109,44.09999847412109,253553,JSW.WA,2023-10-20
44.09999847412109,44.459999084472656,43.33000183105469,43.54999923706055,43.54999923706055,326151,JSW.WA,2023-10-23
44.0,44.59999847412109,42.79999923706055,43.459999084472656,43.459999084472656,444457,JSW.WA,2023-10-24
43.5,44.0,42.97999954223633,43.52000045776367,43.52000045776367,261382,JSW.WA,2023-10-25
43.040000915527344,45.52000045776367,42.52000045776367,45.459999084472656,45.459999084472656,599934,JSW.WA,2023-10-26
45.59999847412109,46.11000061035156,44.810001373291016,45.09000015258789,45.09000015258789,377844,JSW.WA,2023-10-27
45.68000030517578,48.29999923706055,45.16999816894531,46.9900016784668,46.9900016784668,1047095,JSW.WA,2023-10-30
47.72999954223633,50.79999923706055,47.560001373291016,49.93999862670898,49.93999862670898,1140430,JSW.WA,2023-10-31
50.86000061035156,51.52000045776367,48.560001373291016,50.060001373291016,50.060001373291016,1091999,JSW.WA,2023-11-02
50.08000183105469,50.08000183105469,48.970001220703125,49.5099983215332,49.5099983215332,426635,JSW.WA,2023-11-03
50.900001525878906,51.70000076293945,50.2599983215332,50.79999923706055,50.79999923706055,560069,JSW.WA,2023-11-06
50.27999877929688,51.27999877929688,49.630001068115234,50.18000030517578,50.18000030517578,763552,JSW.WA,2023-11-07
49.97999954223633,50.65999984741211,47.84999847412109,47.86000061035156,47.86000061035156,591415,JSW.WA,2023-11-08
48.0,49.130001068115234,47.650001525878906,48.95000076293945,48.95000076293945,313329,JSW.WA,2023-11-09
48.900001525878906,48.959999084472656,47.310001373291016,47.459999084472656,47.459999084472656,328640,JSW.WA,2023-11-10
47.900001525878906,48.43000030517578,47.22999954223633,47.31999969482422,47.31999969482422,227734,JSW.WA,2023-11-13
47.540000915527344,50.5,47.470001220703125,50.43999862670898,50.43999862670898,618728,JSW.WA,2023-11-14
50.880001068115234,51.36000061035156,49.400001525878906,49.709999084472656,49.709999084472656,597849,JSW.WA,2023-11-15
49.84000015258789,50.20000076293945,49.41999816894531,49.77999877929688,49.77999877929688,379688,JSW.WA,2023-11-16
49.77999877929688,50.68000030517578,49.470001220703125,49.77000045776367,49.77000045776367,292816,JSW.WA,2023-11-17
50.5,51.84000015258789,50.0,50.900001525878906,50.900001525878906,475934,JSW.WA,2023-11-20
50.63999938964844,50.900001525878906,49.58000183105469,49.970001220703125,49.970001220703125,271111,JSW.WA,2023-11-21
49.59999847412109,50.79999923706055,47.0,47.81999969482422,47.81999969482422,728520,JSW.WA,2023-11-22
46.0,46.5,41.560001373291016,42.0,42.0,2756276,JSW.WA,2023-11-23
42.0,42.400001525878906,40.86000061035156,41.09999847412109,41.09999847412109,848793,JSW.WA,2023-11-24
40.59999847412109,41.40999984741211,40.380001068115234,41.20000076293945,41.20000076293945,452967,JSW.WA,2023-11-27
41.20000076293945,41.4900016784668,40.7599983215332,40.84000015258789,40.84000015258789,424770,JSW.WA,2023-11-28
40.84000015258789,42.130001068115234,38.29999923706055,42.0,42.0,1662494,JSW.WA,2023-11-29
41.79999923706055,42.0,39.540000915527344,39.540000915527344,39.540000915527344,669191,JSW.WA,2023-11-30
130.77999877929688,132.6300048828125,130.67999267578125,131.5500030517578,131.5500030517578,23166800,GOOGL,2023-08-01
129.4499969482422,130.08999633789062,127.55999755859376,128.3800048828125,128.3800048828125,26273300,GOOGL,2023-08-02
127.97000122070312,129.38999938964844,127.41999816894533,128.4499969482422,128.4499969482422,20089500,GOOGL,2023-08-03
129.27999877929688,131.50999450683594,127.91000366210938,128.11000061035156,128.11000061035156,26130000,GOOGL,2023-08-04
129.16000366210938,131.61000061035156,129.02000427246094,131.52999877929688,131.52999877929688,22746300,GOOGL,2023-08-07
130.6199951171875,131.50999450683594,129.5399932861328,131.39999389648438,131.39999389648438,23535200,GOOGL,2023-08-08
131.66000366210938,132.0399932861328,129.0,129.66000366210938,129.66000366210938,24912900,GOOGL,2023-08-09
131.32000732421875,132.0500030517578,129.4499969482422,129.69000244140625,129.69000244140625,20857800,GOOGL,2023-08-10
128.66000366210938,129.92999267578125,128.1699981689453,129.55999755859375,129.55999755859375,19569200,GOOGL,2023-08-11
129.38999938964844,131.3699951171875,128.9600067138672,131.3300018310547,131.3300018310547,24695600,GOOGL,2023-08-14
131.10000610351562,131.4199981689453,129.27999877929688,129.77999877929688,129.77999877929688,19770700,GOOGL,2023-08-15
128.6999969482422,130.27999877929688,127.87000274658205,128.6999969482422,128.6999969482422,25216100,GOOGL,2023-08-16
129.8000030517578,131.99000549316406,129.2899932861328,129.9199981689453,129.9199981689453,33446300,GOOGL,2023-08-17
128.50999450683594,129.25,126.37999725341795,127.45999908447266,127.45999908447266,30491300,GOOGL,2023-08-18
127.18000030517578,128.72999572753906,126.55999755859376,128.3699951171875,128.3699951171875,25248700,GOOGL,2023-08-21
128.50999450683594,130.27999877929688,128.32000732421875,129.0800018310547,129.0800018310547,22067500,GOOGL,2023-08-22
130.17999267578125,133.41000366210938,129.8699951171875,132.3699951171875,132.3699951171875,27819700,GOOGL,2023-08-23
133.9499969482422,134.25,129.57000732421875,129.77999877929688,129.77999877929688,28500700,GOOGL,2023-08-24
129.5399932861328,130.75999450683594,127.25,129.8800048828125,129.8800048828125,26762900,GOOGL,2023-08-25
131.30999755859375,132.5399932861328,130.13999938964844,131.00999450683594,131.00999450683594,20543300,GOOGL,2023-08-28
132.24000549316406,136.57000732421875,132.24000549316406,134.57000732421875,134.57000732421875,43075600,GOOGL,2023-08-29
134.77999877929688,136.27999877929688,134.07000732421875,135.8800048828125,135.8800048828125,28315800,GOOGL,2023-08-30
136.00999450683594,138.0,135.7899932861328,136.1699981689453,136.1699981689453,30053800,GOOGL,2023-08-31
137.4600067138672,137.4600067138672,134.85000610351562,135.66000366210938,135.66000366210938,21524600,GOOGL,2023-09-01
135.44000244140625,136.4199981689453,134.5800018310547,135.77000427246094,135.77000427246094,19403100,GOOGL,2023-09-05
136.02000427246094,136.52999877929688,133.6699981689453,134.4600067138672,134.4600067138672,18684500,GOOGL,2023-09-06
133.58999633789062,135.5800018310547,132.9499969482422,135.25999450683594,135.25999450683594,18844300,GOOGL,2023-09-07
134.91000366210938,136.66000366210938,134.85000610351562,136.3800048828125,136.3800048828125,23558300,GOOGL,2023-09-08
136.5399932861328,137.47999572753906,135.7899932861328,136.9199981689453,136.9199981689453,20763400,GOOGL,2023-09-11
136.25999450683594,136.8699951171875,135.19000244140625,135.33999633789062,135.33999633789062,18405500,GOOGL,2023-09-12
135.08999633789062,136.89999389648438,134.14999389648438,136.7100067138672,136.7100067138672,20749500,GOOGL,2023-09-13
137.60000610351562,138.6999969482422,136.24000549316406,138.10000610351562,138.10000610351562,24751000,GOOGL,2023-09-14
137.97999572753906,138.52000427246094,136.47999572753906,137.39999389648438,137.39999389648438,38908400,GOOGL,2023-09-15
136.61000061035156,139.16000366210938,136.61000061035156,138.2100067138672,138.2100067138672,21861300,GOOGL,2023-09-18
137.4199981689453,138.41000366210938,136.6199951171875,138.0399932861328,138.0399932861328,20353700,GOOGL,2023-09-19
138.0800018310547,138.0800018310547,133.6199951171875,133.74000549316406,133.74000549316406,29927500,GOOGL,2023-09-20
131.44000244140625,132.22999572753906,130.07000732421875,130.44000244140625,130.44000244140625,31488700,GOOGL,2023-09-21
130.75999450683594,132.02999877929688,129.60000610351562,130.25,130.25,26397300,GOOGL,2023-09-22
129.8300018310547,131.1699981689453,128.9600067138672,131.11000061035156,131.11000061035156,20094600,GOOGL,2023-09-25
129.77000427246094,130.36000061035156,127.22000122070312,128.57000732421875,128.57000732421875,25718700,GOOGL,2023-09-26
128.57000732421875,130.89999389648438,128.57000732421875,130.5399932861328,130.5399932861328,22746500,GOOGL,2023-09-27
129.83999633789062,133.3000030517578,129.7899932861328,132.30999755859375,132.30999755859375,22513100,GOOGL,2023-09-28
133.27999877929688,134.0500030517578,130.36000061035156,130.86000061035156,130.86000061035156,30848100,GOOGL,2023-09-29
131.2100067138672,134.4199981689453,131.1699981689453,134.1699981689453,134.1699981689453,22288000,GOOGL,2023-10-02
133.94000244140625,134.25999450683594,131.83999633789062,132.42999267578125,132.42999267578125,22989400,GOOGL,2023-10-03
132.7899932861328,135.57000732421875,132.52999877929688,135.24000549316406,135.24000549316406,26752300,GOOGL,2023-10-04
135.07000732421875,135.49000549316406,133.4499969482422,135.07000732421875,135.07000732421875,19832600,GOOGL,2023-10-05
134.00999450683594,138.16000366210938,134.00999450683594,137.5800018310547,137.5800018310547,27583200,GOOGL,2023-10-06
136.94000244140625,138.94000244140625,135.61000061035156,138.4199981689453,138.4199981689453,19278100,GOOGL,2023-10-09
138.5,139.72000122070312,137.3300018310547,138.05999755859375,138.05999755859375,27786600,GOOGL,2023-10-10
138.5800018310547,141.11000061035156,138.5800018310547,140.5500030517578,140.5500030517578,25884300,GOOGL,2023-10-11
141.0500030517578,141.22000122070312,138.25999450683594,138.97000122070312,138.97000122070312,24765500,GOOGL,2023-10-12
139.3800048828125,140.0,136.6199951171875,137.36000061035156,137.36000061035156,23420500,GOOGL,2023-10-13
138.1699981689453,139.6300048828125,137.99000549316406,139.10000610351562,139.10000610351562,28501900,GOOGL,2023-10-16
138.6300048828125,139.89999389648438,137.17999267578125,139.72000122070312,139.72000122070312,23515800,GOOGL,2023-10-17
139.4499969482422,140.72000122070312,137.3800048828125,137.9600067138672,137.9600067138672,23375000,GOOGL,2023-10-18
138.5,139.66000366210938,137.3800048828125,137.75,137.75,26066000,GOOGL,2023-10-19
137.3300018310547,137.8699951171875,135.0800018310547,135.60000610351562,135.60000610351562,26315200,GOOGL,2023-10-20
135.0399932861328,137.66000366210938,133.9499969482422,136.5,136.5,26317900,GOOGL,2023-10-23
137.8300018310547,139.36000061035156,137.4199981689453,138.80999755859375,138.80999755859375,44814300,GOOGL,2023-10-24
128.16000366210938,128.30999755859375,125.06999969482422,125.61000061035156,125.61000061035156,84366200,GOOGL,2023-10-25
123.2699966430664,124.33000183105467,121.2699966430664,122.27999877929688,122.27999877929688,57061100,GOOGL,2023-10-26
122.87999725341795,123.30999755859376,120.20999908447266,122.16999816894533,122.16999816894533,44566500,GOOGL,2023-10-27
123.20999908447266,125.4000015258789,122.75,124.45999908447266,124.45999908447266,28940100,GOOGL,2023-10-30
125.05999755859376,125.37000274658205,122.69000244140624,124.08000183105467,124.08000183105467,26292300,GOOGL,2023-10-31
124.06999969482422,126.48999786376952,123.72000122070312,126.4499969482422,126.4499969482422,30082400,GOOGL,2023-11-01
128.4199981689453,128.97999572753906,126.93000030517578,127.48999786376952,127.48999786376952,27124600,GOOGL,2023-11-02
128.02000427246094,129.52999877929688,127.86000061035156,129.10000610351562,129.10000610351562,26380100,GOOGL,2023-11-03
129.0500030517578,130.33999633789062,128.6699981689453,130.25,130.25,19052700,GOOGL,2023-11-06
130.7100067138672,131.91000366210938,129.8800048828125,130.97000122070312,130.97000122070312,29757300,GOOGL,2023-11-07
130.97000122070312,132.2100067138672,130.77999877929688,131.83999633789062,131.83999633789062,26425800,GOOGL,2023-11-08
131.9600067138672,132.5500030517578,130.07000732421875,130.24000549316406,130.24000549316406,23747800,GOOGL,2023-11-09
130.10000610351562,132.8000030517578,129.41000366210938,132.58999633789062,132.58999633789062,26913300,GOOGL,2023-11-10
131.77999877929688,132.58999633789062,131.25,132.08999633789062,132.08999633789062,18324800,GOOGL,2023-11-13
134.19000244140625,135.6999969482422,133.32000732421875,133.6199951171875,133.6199951171875,32395200,GOOGL,2023-11-14
134.8699951171875,135.02999877929688,133.57000732421875,134.6199951171875,134.6199951171875,23861500,GOOGL,2023-11-15
135.19000244140625,137.22000122070312,134.32000732421875,136.92999267578125,136.92999267578125,28013200,GOOGL,2023-11-16
136.0,136.05999755859375,133.64999389648438,135.30999755859375,135.30999755859375,37240600,GOOGL,2023-11-17
133.69000244140625,136.66000366210938,133.6199951171875,136.25,136.25,27815500,GOOGL,2023-11-20
136.2899932861328,137.17999267578125,135.9600067138672,136.97000122070312,136.97000122070312,22635300,GOOGL,2023-11-21
137.47000122070312,139.4199981689453,137.47000122070312,138.49000549316406,138.49000549316406,17813900,GOOGL,2023-11-22
138.02999877929688,138.1300048828125,135.99000549316406,136.69000244140625,136.69000244140625,12514300,GOOGL,2023-11-24
136.02999877929688,138.4199981689453,136.0,136.41000366210938,136.41000366210938,23436500,GOOGL,2023-11-27
136.0800018310547,137.25,135.4199981689453,137.1999969482422,137.1999969482422,18730000,GOOGL,2023-11-28
137.57000732421875,138.2899932861328,134.83999633789062,134.99000549316406,134.99000549316406,23967200,GOOGL,2023-11-29
135.0500030517578,135.5500030517578,131.27999877929688,132.52999877929688,132.52999877929688,38988300,GOOGL,2023-11-30
244.8099975585937,254.27999877929688,242.6199951171875,251.6000061035156,251.6000061035156,123810400,TSLA,2023-10-02
248.6100006103516,250.0200042724609,244.4499969482422,246.52999877929688,246.52999877929688,101985300,TSLA,2023-10-03
248.13999938964844,261.8599853515625,247.6000061035156,261.1600036621094,261.1600036621094,129721600,TSLA,2023-10-04
260.0,263.6000061035156,256.25,260.04998779296875,260.04998779296875,119159200,TSLA,2023-10-05
253.97999572753903,261.6499938964844,250.6499938964844,260.5299987792969,260.5299987792969,117947000,TSLA,2023-10-06
255.3099975585937,261.3599853515625,252.0500030517578,259.6700134277344,259.6700134277344,101377900,TSLA,2023-10-09
257.75,268.94000244140625,257.6499938964844,263.6199951171875,263.6199951171875,122656000,TSLA,2023-10-10
266.20001220703125,268.6000061035156,260.8999938964844,262.989990234375,262.989990234375,103706300,TSLA,2023-10-11
262.9200134277344,265.4100036621094,256.6300048828125,258.8699951171875,258.8699951171875,111508100,TSLA,2023-10-12
258.8999938964844,259.6000061035156,250.22000122070312,251.1199951171875,251.1199951171875,102073800,TSLA,2023-10-13
250.0500030517578,255.3999938964844,248.47999572753903,253.9199981689453,253.9199981689453,88917200,TSLA,2023-10-16
250.1000061035156,257.17999267578125,247.0800018310547,254.8500061035156,254.8500061035156,93562900,TSLA,2023-10-17
252.6999969482422,254.6300048828125,242.0800018310547,242.67999267578125,242.67999267578125,125147800,TSLA,2023-10-18
225.9499969482422,230.6100006103516,216.77999877929688,220.1100006103516,220.1100006103516,170772700,TSLA,2023-10-19
217.009994506836,218.8600006103516,210.4199981689453,211.9900054931641,211.9900054931641,137734000,TSLA,2023-10-20
210.0,216.97999572753903,202.509994506836,212.0800018310547,212.0800018310547,150683400,TSLA,2023-10-23
216.5,222.0500030517578,214.1100006103516,216.5200042724609,216.5200042724609,118231100,TSLA,2023-10-24
215.8800048828125,220.1000061035156,212.1999969482422,212.4199981689453,212.4199981689453,107065100,TSLA,2023-10-25
211.32000732421875,214.8000030517578,204.8800048828125,205.759994506836,205.759994506836,115112600,TSLA,2023-10-26
210.6000061035156,212.4100036621093,205.7700042724609,207.3000030517578,207.3000030517578,94881200,TSLA,2023-10-27
209.27999877929688,210.8800048828125,194.6699981689453,197.3600006103516,197.3600006103516,136448200,TSLA,2023-10-30
196.1199951171875,202.8000030517578,194.07000732421875,200.83999633789065,200.83999633789065,118068300,TSLA,2023-10-31
204.0399932861328,205.9900054931641,197.8500061035156,205.6600036621093,205.6600036621093,121661700,TSLA,2023-11-01
212.97000122070312,219.1999969482422,211.4499969482422,218.509994506836,218.509994506836,125987600,TSLA,2023-11-02
221.1499938964844,226.3699951171875,218.3999938964844,219.9600067138672,219.9600067138672,119281000,TSLA,2023-11-03
223.97999572753903,226.32000732421875,215.0,219.2700042724609,219.2700042724609,117335800,TSLA,2023-11-06
219.97999572753903,223.1199951171875,215.72000122070312,222.17999267578125,222.17999267578125,116900100,TSLA,2023-11-07
223.1499938964844,224.1499938964844,217.63999938964844,222.1100006103516,222.1100006103516,106584800,TSLA,2023-11-08
219.75,220.8000030517578,206.67999267578125,209.97999572753903,209.97999572753903,142110500,TSLA,2023-11-09
210.02999877929688,215.3800048828125,205.69000244140625,214.6499938964844,214.6499938964844,130994000,TSLA,2023-11-10
215.6000061035156,225.3999938964844,211.6100006103516,223.7100067138672,223.7100067138672,140447600,TSLA,2023-11-13
235.02999877929688,238.13999938964844,230.72000122070312,237.4100036621093,237.4100036621093,149771600,TSLA,2023-11-14
239.2899932861328,246.6999969482422,236.4499969482422,242.83999633789065,242.83999633789065,150354000,TSLA,2023-11-15
239.4900054931641,240.8800048828125,230.9600067138672,233.58999633789065,233.58999633789065,136816800,TSLA,2023-11-16
232.0,237.38999938964844,226.5399932861328,234.3000030517578,234.3000030517578,142532800,TSLA,2023-11-17
234.0399932861328,237.1000061035156,231.0200042724609,235.6000061035156,235.6000061035156,116320100,TSLA,2023-11-20
235.0399932861328,243.6199951171875,233.33999633789065,241.1999969482422,241.1999969482422,122288000,TSLA,2023-11-21
242.0399932861328,244.009994506836,231.3999938964844,234.2100067138672,234.2100067138672,117950600,TSLA,2023-11-22
233.75,238.75,232.3300018310547,235.4499969482422,235.4499969482422,65125200,TSLA,2023-11-24
236.88999938964844,238.3300018310547,232.1000061035156,236.0800018310547,236.0800018310547,112031800,TSLA,2023-11-27
236.67999267578125,247.0,234.009994506836,246.72000122070312,246.72000122070312,148549900,TSLA,2023-11-28
249.2100067138672,252.75,242.759994506836,244.13999938964844,244.13999938964844,135401300,TSLA,2023-11-29
245.13999938964844,245.22000122070312,236.9100036621093,240.0800018310547,240.0800018310547,132353200,TSLA,2023-11-30
30.809999465942383,31.34000015258789,30.549999237060547,30.549999237060547,26.747222900390625,2144619,PZU.WA,2022-05-02
30.96999931335449,31.09000015258789,30.479999542236328,30.709999084472656,26.88730812072754,2077052,PZU.WA,2022-05-04
31.18000030517578,31.299999237060547,29.799999237060547,29.799999237060547,26.0905818939209,1815374,PZU.WA,2022-05-05
29.850000381469727,30.100000381469727,29.209999084472656,30.09000015258789,26.34448432922364,1632668,PZU.WA,2022-05-06
30.1200008392334,30.18000030517578,29.229999542236328,29.670000076293945,25.97676467895508,1872511,PZU.WA,2022-05-09
30.100000381469727,30.100000381469727,29.11000061035156,29.36000061035156,25.705352783203125,2153706,PZU.WA,2022-05-10
29.71999931335449,29.799999237060547,29.07999992370605,29.170000076293945,25.539003372192383,1669652,PZU.WA,2022-05-11
28.89999961853028,29.520000457763672,28.450000762939453,29.059999465942383,25.44269561767578,1817622,PZU.WA,2022-05-12
29.299999237060547,30.229999542236328,29.200000762939453,29.940000534057617,26.21315574645996,1603059,PZU.WA,2022-05-13
29.89999961853028,30.39999961853028,29.43000030517578,29.479999542236328,25.810415267944336,1827482,PZU.WA,2022-05-16
29.93000030517578,30.479999542236328,29.799999237060547,30.049999237060547,26.30946159362793,1999211,PZU.WA,2022-05-17
30.459999084472656,30.559999465942383,29.940000534057617,29.950000762939453,26.221912384033203,1844072,PZU.WA,2022-05-18
29.790000915527344,30.479999542236328,29.40999984741211,30.1200008392334,26.370750427246094,1641429,PZU.WA,2022-05-19
30.420000076293945,30.64999961853028,30.020000457763672,30.32999992370605,26.55460929870605,1678453,PZU.WA,2022-05-20
30.790000915527344,32.560001373291016,30.770000457763672,32.5,28.45449447631836,3360101,PZU.WA,2022-05-23
32.5,33.45000076293945,32.15999984741211,32.38999938964844,28.35818672180176,2475241,PZU.WA,2022-05-24
32.52000045776367,32.880001068115234,32.130001068115234,32.15999984741211,28.156816482543945,1152112,PZU.WA,2022-05-25
32.2599983215332,32.84000015258789,32.099998474121094,32.599998474121094,28.54204559326172,849596,PZU.WA,2022-05-26
32.52000045776367,32.650001525878906,32.0,32.0099983215332,28.02548789978028,772416,PZU.WA,2022-05-27
32.4900016784668,33.0,32.369998931884766,32.900001525878906,28.80470466613769,840430,PZU.WA,2022-05-30
32.959999084472656,33.0,32.380001068115234,32.380001068115234,28.34943199157715,3228094,PZU.WA,2022-05-31
32.400001525878906,32.70000076293945,32.150001525878906,32.2400016784668,28.22686004638672,985298,PZU.WA,2022-06-01
32.119998931884766,32.22999954223633,31.43000030517578,31.709999084472656,27.76283073425293,1032425,PZU.WA,2022-06-02
31.989999771118164,31.989999771118164,30.809999465942383,30.959999084472656,27.106189727783203,822862,PZU.WA,2022-06-03
31.0,32.11000061035156,31.0,32.099998474121094,28.104284286499023,706798,PZU.WA,2022-06-06
31.88999938964844,31.88999938964844,31.13999938964844,31.190000534057617,27.307559967041016,1470072,PZU.WA,2022-06-07
31.299999237060547,31.350000381469727,29.809999465942383,30.049999237060547,26.30946159362793,2323815,PZU.WA,2022-06-08
30.200000762939453,30.459999084472656,29.8700008392334,30.209999084472656,26.449546813964844,1861410,PZU.WA,2022-06-09
30.0,30.0,29.25,29.38999938964844,25.731618881225582,1479553,PZU.WA,2022-06-10
29.040000915527344,29.350000381469727,28.63999938964844,28.86000061035156,25.267593383789062,1631468,PZU.WA,2022-06-13
29.170000076293945,29.3799991607666,28.850000381469727,29.06999969482422,25.45145034790039,1780063,PZU.WA,2022-06-14
29.170000076293945,29.18000030517578,28.32999992370605,28.90999984741211,25.31136703491211,2380320,PZU.WA,2022-06-15
28.5,30.0,28.39999961853028,29.76000022888184,26.05556297302246,3722150,PZU.WA,2022-06-17
29.950000762939453,29.979999542236328,29.440000534057617,29.950000762939453,26.221912384033203,1121044,PZU.WA,2022-06-20
30.0,30.3700008392334,29.979999542236328,30.26000022888184,26.493322372436523,1373139,PZU.WA,2022-06-21
29.96999931335449,30.030000686645508,29.6299991607666,29.93000030517578,26.20440101623535,989029,PZU.WA,2022-06-22
29.989999771118164,30.18000030517578,29.280000686645508,29.280000686645508,25.635311126708984,1058771,PZU.WA,2022-06-23
29.190000534057617,29.71999931335449,29.1299991607666,29.700000762939453,26.00303077697754,1063288,PZU.WA,2022-06-24
30.01000022888184,30.26000022888184,29.43000030517578,29.799999237060547,26.0905818939209,1212132,PZU.WA,2022-06-27
30.01000022888184,30.440000534057617,29.959999084472656,30.36000061035156,26.58087539672852,1231300,PZU.WA,2022-06-28
30.200000762939453,30.61000061035156,30.07999992370605,30.43000030517578,26.642162322998047,1783941,PZU.WA,2022-06-29
30.290000915527344,30.290000915527344,29.709999084472656,29.979999542236328,26.24817657470703,1492102,PZU.WA,2022-06-30
66.1500015258789,67.16999816894531,65.5,65.5,65.5,3142868,PKN.WA,2023-12-29
14000.0,14400.0,13740.0,14200.0,13749.0400390625,3372,LPP.WA,2023-07-03
14210.0,14390.0,13830.0,13860.0,13419.8369140625,2158,LPP.WA,2023-07-04
13940.0,14030.0,13250.0,13400.0,12974.4462890625,3714,LPP.WA,2023-07-05
13400.0,13540.0,13020.0,13540.0,13110.0,5414,LPP.WA,2023-07-06
13250.0,13470.0,12900.0,13430.0,13430.0,6430,LPP.WA,2023-07-07
13400.0,13500.0,12940.0,13370.0,13370.0,1521,LPP.WA,2023-07-10
13560.0,13710.0,13210.0,13710.0,13710.0,2199,LPP.WA,2023-07-11
13800.0,14490.0,13650.0,14430.0,14430.0,3353,LPP.WA,2023-07-12
14430.0,14640.0,14110.0,14140.0,14140.0,3553,LPP.WA,2023-07-13
14020.0,14450.0,14020.0,14410.0,14410.0,3196,LPP.WA,2023-07-14
14410.0,14660.0,14300.0,14540.0,14540.0,1812,LPP.WA,2023-07-17
14500.0,14580.0,14240.0,14460.0,14460.0,1075,LPP.WA,2023-07-18
14530.0,14530.0,14070.0,14420.0,14420.0,1250,LPP.WA,2023-07-19
14380.0,14380.0,14020.0,14060.0,14060.0,2566,LPP.WA,2023-07-20
14060.0,14240.0,14020.0,14180.0,14180.0,2825,LPP.WA,2023-07-21
14240.0,14550.0,14160.0,14450.0,14450.0,1110,LPP.WA,2023-07-24
14460.0,14460.0,14150.0,14320.0,14320.0,1319,LPP.WA,2023-07-25
14380.0,14380.0,13760.0,13950.0,13950.0,3286,LPP.WA,2023-07-26
14020.0,14120.0,13500.0,13720.0,13720.0,5926,LPP.WA,2023-07-27
13600.0,13920.0,13160.0,13690.0,13690.0,2150,LPP.WA,2023-07-28
13750.0,13940.0,13620.0,13800.0,13800.0,1997,LPP.WA,2023-07-31
13810.0,13850.0,13560.0,13820.0,13820.0,1273,LPP.WA,2023-08-01
13660.0,13880.0,13500.0,13530.0,13530.0,1651,LPP.WA,2023-08-02
13500.0,13520.0,12700.0,12970.0,12970.0,5148,LPP.WA,2023-08-03
13090.0,13760.0,13050.0,13670.0,13670.0,2304,LPP.WA,2023-08-04
13690.0,13690.0,13430.0,13590.0,13590.0,1300,LPP.WA,2023-08-07
13580.0,13660.0,13080.0,13110.0,13110.0,2238,LPP.WA,2023-08-08
13210.0,13510.0,13080.0,13420.0,13420.0,1806,LPP.WA,2023-08-09
13390.0,13720.0,13320.0,13650.0,13650.0,1589,LPP.WA,2023-08-10
13540.0,13580.0,13300.0,13400.0,13400.0,982,LPP.WA,2023-08-11
13300.0,13340.0,13130.0,13180.0,13180.0,733,LPP.WA,2023-08-14
13080.0,13220.0,12880.0,13120.0,13120.0,1606,LPP.WA,2023-08-16
13120.0,13140.0,12820.0,12950.0,12950.0,1745,LPP.WA,2023-08-17
12900.0,13010.0,12800.0,12950.0,12950.0,683,LPP.WA,2023-08-18
13110.0,13120.0,12600.0,12820.0,12820.0,1905,LPP.WA,2023-08-21
12930.0,12960.0,12650.0,12740.0,12740.0,2324,LPP.WA,2023-08-22
12800.0,12820.0,12390.0,12520.0,12520.0,2382,LPP.WA,2023-08-23
12640.0,13080.0,12600.0,13000.0,13000.0,1148,LPP.WA,2023-08-24
12750.0,12910.0,12550.0,12670.0,12670.0,1680,LPP.WA,2023-08-25
12890.0,13200.0,12570.0,13140.0,13140.0,965,LPP.WA,2023-08-28
13200.0,13250.0,12900.0,13050.0,13050.0,1256,LPP.WA,2023-08-29
13050.0,13840.0,12990.0,13650.0,13650.0,1210,LPP.WA,2023-08-30
13630.0,14010.0,13550.0,13880.0,13880.0,3775,LPP.WA,2023-08-31
13690.0,14180.0,13630.0,14110.0,14110.0,1183,LPP.WA,2023-09-01
14010.0,14280.0,13540.0,13680.0,13680.0,1094,LPP.WA,2023-09-04
13510.0,14100.0,13510.0,14000.0,14000.0,1786,LPP.WA,2023-09-05
14000.0,14210.0,13790.0,14000.0,14000.0,3186,LPP.WA,2023-09-06
13950.0,14000.0,13110.0,13400.0,13400.0,4254,LPP.WA,2023-09-07
13600.0,13640.0,13300.0,13450.0,13450.0,2309,LPP.WA,2023-09-08
13500.0,13570.0,13330.0,13440.0,13440.0,2325,LPP.WA,2023-09-11
13590.0,13590.0,13010.0,13250.0,13250.0,3222,LPP.WA,2023-09-12
13140.0,13210.0,12850.0,13030.0,13030.0,3215,LPP.WA,2023-09-13
12990.0,13120.0,12860.0,13020.0,13020.0,2073,LPP.WA,2023-09-14
13040.0,13280.0,12920.0,13000.0,13000.0,6207,LPP.WA,2023-09-15
13040.0,13150.0,12930.0,12960.0,12960.0,1406,LPP.WA,2023-09-18
13190.0,13190.0,12770.0,12920.0,12920.0,1664,LPP.WA,2023-09-19
12920.0,13440.0,12870.0,13270.0,13270.0,2232,LPP.WA,2023-09-20
13110.0,13430.0,13090.0,13090.0,13090.0,1883,LPP.WA,2023-09-21
13500.0,13840.0,13230.0,13790.0,13790.0,3159,LPP.WA,2023-09-22
13960.0,14460.0,13820.0,13960.0,13960.0,3335,LPP.WA,2023-09-25
13910.0,14100.0,13580.0,13860.0,13860.0,2399,LPP.WA,2023-09-26
13750.0,14070.0,13100.0,13120.0,13120.0,4147,LPP.WA,2023-09-27
13130.0,13170.0,12750.0,12780.0,12780.0,3677,LPP.WA,2023-09-28
12900.0,13170.0,12800.0,13000.0,13000.0,4120,LPP.WA,2023-09-29
13160.0,13160.0,12500.0,12500.0,12500.0,3433,LPP.WA,2023-10-02
12370.0,12620.0,12060.0,12420.0,12420.0,3045,LPP.WA,2023-10-03
12420.0,12600.0,12160.0,12270.0,12270.0,2276,LPP.WA,2023-10-04
12270.0,12370.0,11960.0,12000.0,12000.0,2000,LPP.WA,2023-10-05
12130.0,12330.0,11860.0,12200.0,12200.0,3172,LPP.WA,2023-10-06
12150.0,12760.0,12090.0,12550.0,12550.0,1621,LPP.WA,2023-10-09
12580.0,12970.0,12470.0,12810.0,12810.0,3876,LPP.WA,2023-10-10
12960.0,13030.0,12520.0,12630.0,12630.0,2863,LPP.WA,2023-10-11
12630.0,12870.0,12160.0,12610.0,12610.0,3851,LPP.WA,2023-10-12
12750.0,12780.0,12040.0,12080.0,12080.0,6087,LPP.WA,2023-10-13
12510.0,12530.0,12120.0,12350.0,12350.0,7246,LPP.WA,2023-10-16
12220.0,12930.0,12210.0,12800.0,12800.0,4426,LPP.WA,2023-10-17
12760.0,13080.0,12650.0,12840.0,12840.0,5998,LPP.WA,2023-10-18
12800.0,13010.0,12790.0,12970.0,12970.0,6548,LPP.WA,2023-10-19
12830.0,13050.0,12580.0,12800.0,12800.0,6889,LPP.WA,2023-10-20
12980.0,12980.0,12250.0,12250.0,12250.0,4389,LPP.WA,2023-10-23
12270.0,12820.0,12270.0,12670.0,12670.0,4044,LPP.WA,2023-10-24
12550.0,12700.0,12320.0,12680.0,12680.0,3371,LPP.WA,2023-10-25
12510.0,12940.0,12450.0,12730.0,12730.0,5891,LPP.WA,2023-10-26
12740.0,12940.0,12650.0,12810.0,12810.0,2479,LPP.WA,2023-10-27
12910.0,13440.0,12770.0,13340.0,13340.0,3830,LPP.WA,2023-10-30
13470.0,13740.0,13320.0,13560.0,13560.0,4343,LPP.WA,2023-10-31
13600.0,13880.0,13600.0,13750.0,13750.0,5434,LPP.WA,2023-11-02
13750.0,13940.0,13570.0,13900.0,13900.0,4510,LPP.WA,2023-11-03
13980.0,14070.0,13900.0,13960.0,13960.0,3405,LPP.WA,2023-11-06
14000.0,14000.0,13350.0,13550.0,13550.0,4222,LPP.WA,2023-11-07
13420.0,13600.0,13360.0,13450.0,13450.0,2255,LPP.WA,2023-11-08
13530.0,14140.0,13450.0,14140.0,14140.0,4150,LPP.WA,2023-11-09
14150.0,14150.0,13820.0,13950.0,13950.0,2940,LPP.WA,2023-11-10
13810.0,14010.0,13710.0,13730.0,13730.0,1346,LPP.WA,2023-11-13
13840.0,14900.0,13820.0,14790.0,14790.0,5214,LPP.WA,2023-11-14
14700.0,14900.0,14410.0,14890.0,14890.0,3964,LPP.WA,2023-11-15
14830.0,15350.0,14830.0,15210.0,15210.0,5104,LPP.WA,2023-11-16
15210.0,15330.0,15010.0,15250.0,15250.0,3213,LPP.WA,2023-11-17
15230.0,15320.0,14820.0,14880.0,14880.0,1541,LPP.WA,2023-11-20
14850.0,14980.0,14250.0,14570.0,14570.0,3660,LPP.WA,2023-11-21
14490.0,15130.0,14460.0,15110.0,15110.0,2879,LPP.WA,2023-11-22
15050.0,15290.0,14820.0,14850.0,14850.0,2189,LPP.WA,2023-11-23
14990.0,15060.0,14750.0,15000.0,15000.0,3734,LPP.WA,2023-11-24
15000.0,15140.0,14790.0,14940.0,14940.0,2855,LPP.WA,2023-11-27
14880.0,15000.0,14790.0,14970.0,14970.0,2917,LPP.WA,2023-11-28
14840.0,14980.0,14520.0,14600.0,14600.0,4826,LPP.WA,2023-11-29
14640.0,15230.0,14640.0,14880.0,14880.0,6211,LPP.WA,2023-11-30
